{
  "overall_metrics": {
    "total_files": 31,
    "completed_files": 31,
    "total_successful_matches": 112,
    "overall_average_score": 0.8091392774278642,
    "total_score": 90.6235990719208,
    "all_scores": [
      0.85,
      1.0,
      0.95,
      0.3520939180190401,
      0.92,
      0.85,
      0.85,
      0.85,
      0.48282959592676855,
      0.85,
      1.0,
      1.0,
      0.34581280788177343,
      0.85,
      0.85,
      0.95,
      1.0,
      1.0,
      0.85,
      0.75,
      1.0,
      0.40806864349682903,
      0.95,
      0.82,
      0.98,
      0.4163216756206327,
      0.85,
      0.85,
      0.85,
      1.0,
      0.464747597545444,
      0.88,
      1.0,
      0.85,
      0.39037745421823994,
      0.95,
      0.65,
      0.92,
      0.18310655743657903,
      0.75,
      0.95,
      0.75,
      0.65,
      0.95,
      1.0,
      0.75,
      1.0,
      0.82,
      0.4266002319269048,
      0.85,
      0.92,
      1.0,
      0.3256867692249617,
      0.85,
      1.0,
      0.78,
      0.24571036376115304,
      0.85,
      0.92,
      0.85,
      0.85,
      0.4148675662168915,
      0.85,
      0.95,
      0.98,
      0.85,
      0.3781954887218045,
      1.0,
      1.0,
      0.85,
      0.95,
      0.33864436762581757,
      0.85,
      0.85,
      1.0,
      0.75,
      0.85,
      0.85,
      0.95,
      0.98,
      0.27349304124308177,
      0.95,
      0.98,
      0.88,
      0.95,
      0.92,
      0.4276167477606327,
      0.98,
      0.98,
      1.0,
      0.4398940364900353,
      0.95,
      0.95,
      0.85,
      1.0,
      0.88,
      0.95,
      0.85,
      0.98,
      0.78,
      0.85,
      0.85,
      1.0,
      0.5397489539748954,
      1.0,
      0.75,
      0.5117370892018779,
      1.0,
      1.0,
      0.4580461656273931,
      0.65,
      0.95
    ]
  },
  "file_results": {
    "000ebcad8623837eb1384098a8c31d40.md": {
      "ground_truth_count": 1,
      "wdm_tables_count": 1,
      "matched_tables": 1,
      "total_score": 0.85,
      "average_score": 0.85,
      "match_rate": 100.0,
      "scores": [
        0.85
      ],
      "status": "completed"
    },
    "1b52e3a6ea67f7469adcd476b208c758.md": {
      "ground_truth_count": 3,
      "wdm_tables_count": 3,
      "matched_tables": 3,
      "total_score": 2.30209391801904,
      "average_score": 0.76736463933968,
      "match_rate": 100.0,
      "scores": [
        1.0,
        0.95,
        0.3520939180190401
      ],
      "status": "completed"
    },
    "1c4314aa93e15f005d17ec44b89e741e.md": {
      "ground_truth_count": 4,
      "wdm_tables_count": 4,
      "matched_tables": 4,
      "total_score": 3.47,
      "average_score": 0.8675,
      "match_rate": 100.0,
      "scores": [
        0.92,
        0.85,
        0.85,
        0.85
      ],
      "status": "completed"
    },
    "0e2f038a5e75936fd51c88a130cff713.md": {
      "ground_truth_count": 6,
      "wdm_tables_count": 6,
      "matched_tables": 6,
      "total_score": 4.528642403808542,
      "average_score": 0.7547737339680903,
      "match_rate": 100.0,
      "scores": [
        0.48282959592676855,
        0.85,
        1.0,
        1.0,
        0.34581280788177343,
        0.85
      ],
      "status": "completed"
    },
    "0af43d695e0fa436b1c1dfc150d48182.md": {
      "ground_truth_count": 3,
      "wdm_tables_count": 2,
      "matched_tables": 1,
      "total_score": 0.85,
      "average_score": 0.85,
      "match_rate": 50.0,
      "scores": [
        0.85
      ],
      "status": "completed"
    },
    "04c91a925c6ba44f47ef5eeeb40181c7.md": {
      "ground_truth_count": 5,
      "wdm_tables_count": 4,
      "matched_tables": 4,
      "total_score": 3.8000000000000003,
      "average_score": 0.9500000000000001,
      "match_rate": 100.0,
      "scores": [
        0.95,
        1.0,
        1.0,
        0.85
      ],
      "status": "completed"
    },
    "0d87239dc5bc9ac6257e5b9f31fe8c47.md": {
      "ground_truth_count": 2,
      "wdm_tables_count": 1,
      "matched_tables": 1,
      "total_score": 0.75,
      "average_score": 0.75,
      "match_rate": 100.0,
      "scores": [
        0.75
      ],
      "status": "completed"
    },
    "0c1eb8c410a4353522173d27bbdbef86.md": {
      "ground_truth_count": 10,
      "wdm_tables_count": 10,
      "matched_tables": 10,
      "total_score": 8.124390319117461,
      "average_score": 0.8124390319117462,
      "match_rate": 100.0,
      "scores": [
        1.0,
        0.40806864349682903,
        0.95,
        0.82,
        0.98,
        0.4163216756206327,
        0.85,
        0.85,
        0.85,
        1.0
      ],
      "status": "completed"
    },
    "02f392c3f69a32ebba8aa2754efa81dd.md": {
      "ground_truth_count": 5,
      "wdm_tables_count": 5,
      "matched_tables": 4,
      "total_score": 3.1947475975454442,
      "average_score": 0.7986868993863611,
      "match_rate": 80.0,
      "scores": [
        0.464747597545444,
        0.88,
        1.0,
        0.85
      ],
      "status": "completed"
    },
    "0f2e91196bed7af39daccd67edea21c3.md": {
      "ground_truth_count": 6,
      "wdm_tables_count": 4,
      "matched_tables": 4,
      "total_score": 2.91037745421824,
      "average_score": 0.72759436355456,
      "match_rate": 100.0,
      "scores": [
        0.39037745421823994,
        0.95,
        0.65,
        0.92
      ],
      "status": "completed"
    },
    "0aed309e29e45111f67fb85aea1fcb5e.md": {
      "ground_truth_count": 3,
      "wdm_tables_count": 1,
      "matched_tables": 1,
      "total_score": 0.18310655743657903,
      "average_score": 0.18310655743657903,
      "match_rate": 100.0,
      "scores": [
        0.18310655743657903
      ],
      "status": "completed"
    },
    "0b9d98b6c191a68687b78f885032034d.md": {
      "ground_truth_count": 1,
      "wdm_tables_count": 1,
      "matched_tables": 0,
      "total_score": 0,
      "average_score": 0,
      "match_rate": 0.0,
      "scores": [],
      "status": "completed"
    },
    "0e0a2909223d73904fcc4dee7fd89629.md": {
      "ground_truth_count": 4,
      "wdm_tables_count": 3,
      "matched_tables": 3,
      "total_score": 2.45,
      "average_score": 0.8166666666666668,
      "match_rate": 100.0,
      "scores": [
        0.75,
        0.95,
        0.75
      ],
      "status": "completed"
    },
    "1a156c8eba7a1553957ff34eb0e15059.md": {
      "ground_truth_count": 2,
      "wdm_tables_count": 2,
      "matched_tables": 1,
      "total_score": 0.65,
      "average_score": 0.65,
      "match_rate": 50.0,
      "scores": [
        0.65
      ],
      "status": "completed"
    },
    "0a0e3845438489987596c8ed31e4e021.md": {
      "ground_truth_count": 2,
      "wdm_tables_count": 2,
      "matched_tables": 2,
      "total_score": 1.95,
      "average_score": 0.975,
      "match_rate": 100.0,
      "scores": [
        0.95,
        1.0
      ],
      "status": "completed"
    },
    "0d8e2c3e9163a9621c75d32372ea6cf4.md": {
      "ground_truth_count": 3,
      "wdm_tables_count": 3,
      "matched_tables": 3,
      "total_score": 2.57,
      "average_score": 0.8566666666666666,
      "match_rate": 100.0,
      "scores": [
        0.75,
        1.0,
        0.82
      ],
      "status": "completed"
    },
    "0ca257d40c4254dc2011d7b1a0b47ee3.md": {
      "ground_truth_count": 3,
      "wdm_tables_count": 3,
      "matched_tables": 3,
      "total_score": 2.196600231926905,
      "average_score": 0.7322000773089683,
      "match_rate": 100.0,
      "scores": [
        0.4266002319269048,
        0.85,
        0.92
      ],
      "status": "completed"
    },
    "0bdb785c3f66950f97d8bcba52d33c59.md": {
      "ground_truth_count": 1,
      "wdm_tables_count": 1,
      "matched_tables": 1,
      "total_score": 1.0,
      "average_score": 1.0,
      "match_rate": 100.0,
      "scores": [
        1.0
      ],
      "status": "completed"
    },
    "0c2e041adb51be82e5d52f2d1adbaaa4.md": {
      "ground_truth_count": 1,